source,target,baseline,A,B,C,D,E,F,G,H,I,J,K,L,M,N,O,P,Q
4.62,4.57125,1.4775,2.6725,2.665,1.29875,2.269375,2.4325,2.775625,2.778125,2.356875,1.513125,3.02875,3.251875,2.981875,2.10375,3.290625,2.970625,2.849375,2.604375
